kean-s;germany-c
kean-s;gilbertsmith-d
kean-s;giron-d
kean-s;griffith-j
kean-s;grigsby-m
kean-s;guzman-m
kean-s;haedicke-m
kean-s;hain-m
kean-s;harris-s
kean-s;hayslett-r
kean-s;heard-m
kean-s;hendrickson-s
kean-s;hernandez-j
solberg-g;lucci-p
quenet-j;cuilla-m
quenet-j;dasovich-j
forney-j;nemec-g
forney-j;panus-s
forney-j;parks-j
forney-j;pereira-s
forney-j;perlingiere-d
forney-j;phanis-s
forney-j;pimenov-v
lay-k;schwieger-j
lay-k;scott-s
lay-k;semperger-c
lay-k;shackleton-s
lay-k;shankman-j
lay-k;shapiro-r
lay-k;shively-h
lay-k;skilling-j
lay-k;slinger-r
lenhart-m;smith-m
lenhart-m;solberg-g
lenhart-m;south-s
lenhart-m;staab-t
lenhart-m;stclair-c
lenhart-m;steffes-j
lenhart-m;stepenovitch-j
lenhart-m;stokley-c
lenhart-m;storey-g
keavey-p;farmer-d
keavey-p;hodge-j
keavey-p;holst-k
keavey-p;horton-s
keavey-p;hyatt-k
keavey-p;hyvl-d
keavey-p;jones-t
keavey-p;kaminski-v
keavey-p;kean-s
keavey-p;keiser-k
keavey-p;king-j
keavey-p;kitchen-l
keavey-p;kuykendall-t
wolfe-j;quigley-d
sager-e;giron-d
sager-e;griffith-j
schwieger-j;hyatt-k
schwieger-j;hyvl-d
bass-e;kaminski-v
bass-e;kean-s
bass-e;keavey-p
bass-e;keiser-k
bass-e;king-j
bass-e;kitchen-l
bass-e;kuykendall-t
bass-e;lavorato-j
bass-e;lay-k
bass-e;lenhart-m
bass-e;lewis-a
shackleton-s;keiser-k
shackleton-s;king-j
taylor-m;meyers-a
derrick-j;townsend-j
derrick-j;tycholiz-b
derrick-j;ward-k
derrick-j;watson-k
derrick-j;weldon-c
derrick-j;whalley-g
derrick-j;whalley-l
derrick-j;white-s
derrick-j;whitt-m
derrick-j;williams-j
derrick-j;williams-w3
derrick-j;wolfe-j
derrick-j;ybarbo-p
derrick-j;zipper-a
derrick-j;zufferli-j
platter-p;cash-m
platter-p;causholli-m
sanchez-m;harris-s
sanchez-m;hayslett-r
hodge-j;may-l
hodge-j;mccarty-d
hodge-j;mcconnell-m
hodge-j;mckay-b
hodge-j;mckay-j
hodge-j;mclaughlin-e
hodge-j;merriss-s
hodge-j;meyers-a
hodge-j;mims-thurston-p
hodge-j;motley-m
hodge-j;neal-s
hodge-j;nemec-g
hodge-j;panus-s
hodge-j;parks-j
hodge-j;pereira-s
hodge-j;perlingiere-d
shively-h;lenhart-m
shively-h;lewis-a
hyvl-d;allen-p
hyvl-d;arnold-j
hyvl-d;arora-h
hyvl-d;badeer-r
hyvl-d;watson-k
hyvl-d;weldon-c
hyvl-d;whalley-g
hyvl-d;whalley-l
hyvl-d;white-s
hyvl-d;whitt-m
hyvl-d;williams-j
hyvl-d;williams-w3
hyvl-d;wolfe-j
hyvl-d;ybarbo-p
hyvl-d;zipper-a
hyvl-d;zufferli-j
ermis-f;keavey-p
ermis-f;keiser-k
ermis-f;king-j
ermis-f;kitchen-l
ermis-f;kuykendall-t
ermis-f;lavorato-j
ermis-f;lay-k
ermis-f;lenhart-m
ermis-f;lewis-a
ermis-f;linder-e
ermis-f;lokay-m
ermis-f;lokey-t
ermis-f;love-p
ermis-f;lucci-p
kitchen-l;neal-s
kitchen-l;nemec-g
kitchen-l;panus-s
kitchen-l;parks-j
kitchen-l;pereira-s
kitchen-l;perlingiere-d
kitchen-l;phanis-s
kitchen-l;pimenov-v
kitchen-l;platter-p
whitt-m;platter-p
dickson-s;allen-p
dickson-s;arnold-j
dickson-s;arora-h
dickson-s;badeer-r
dickson-s;bailey-s
dickson-s;bass-e
dickson-s;baughman-d
dickson-s;beck-s
dickson-s;benson-r
dickson-s;blair-l
dickson-s;brawner-s
dickson-s;buy-r
dickson-s;campbell-l
dickson-s;carson-m
dickson-s;cash-m
perlingiere-d;benson-r
perlingiere-d;blair-l
causholli-m;causholli-m
causholli-m;corman-s
causholli-m;crandell-s
causholli-m;cuilla-m
causholli-m;dasovich-j
causholli-m;davis-d
causholli-m;dean-c
causholli-m;delainey-d
causholli-m;derrick-j
causholli-m;dickson-s
causholli-m;donoho-l
causholli-m;donohoe-t
causholli-m;dorland-c
causholli-m;ermis-f
causholli-m;farmer-d
bailey-s;harris-s
bailey-s;hayslett-r
bailey-s;heard-m
bailey-s;hendrickson-s
bailey-s;hernandez-j
bailey-s;hodge-j
bailey-s;holst-k
bailey-s;horton-s
bailey-s;hyatt-k
bailey-s;hyvl-d
bailey-s;jones-t
blair-l;ring-a
blair-l;ring-r
blair-l;rodrique-r
blair-l;rogers-b
blair-l;ruscitti-k
blair-l;sager-e
blair-l;saibi-e
blair-l;salisbury-h
blair-l;sanchez-m
blair-l;sanders-r
blair-l;scholtes-d
hyatt-k;south-s
hyatt-k;staab-t
hyatt-k;stclair-c
hyatt-k;steffes-j
hyatt-k;stepenovitch-j
hyatt-k;stokley-c
hyatt-k;storey-g
hyatt-k;sturm-f
hyatt-k;swerzbin-m
hyatt-k;symes-k
hyatt-k;taylor-m
hyatt-k;tholt-j
hyatt-k;thomas-p
hyatt-k;townsend-j
hyatt-k;tycholiz-b
hyatt-k;ward-k
mccarty-d;lokay-m
mccarty-d;lokey-t
mccarty-d;love-p
mccarty-d;lucci-p
mccarty-d;maggi-m
mccarty-d;mann-k
mccarty-d;martin-t
mccarty-d;may-l
fossum-d;platter-p
fossum-d;presto-k
fossum-d;quenet-j
fossum-d;quigley-d
fossum-d;rapp-b
fossum-d;reitmeyer-j
fossum-d;richey-c
delainey-d;smith-m
delainey-d;solberg-g
delainey-d;south-s
delainey-d;staab-t
delainey-d;stclair-c
delainey-d;steffes-j
delainey-d;stepenovitch-j
delainey-d;stokley-c
delainey-d;storey-g
delainey-d;sturm-f
delainey-d;swerzbin-m
delainey-d;symes-k
delainey-d;taylor-m
delainey-d;tholt-j
delainey-d;thomas-p
thomas-p;motley-m
motley-m;storey-g
motley-m;sturm-f
motley-m;swerzbin-m
motley-m;symes-k
motley-m;taylor-m
maggi-m;geaccone-t
maggi-m;germany-c
maggi-m;gilbertsmith-d
maggi-m;giron-d
maggi-m;griffith-j
maggi-m;grigsby-m
maggi-m;guzman-m
maggi-m;haedicke-m
lewis-a;sturm-f
lewis-a;swerzbin-m
lewis-a;symes-k
lewis-a;taylor-m
lewis-a;tholt-j
lewis-a;thomas-p
lewis-a;townsend-j
lewis-a;tycholiz-b
lewis-a;ward-k
shapiro-r;lavorato-j
shapiro-r;lay-k
grigsby-m;allen-p
grigsby-m;arnold-j
grigsby-m;arora-h
grigsby-m;badeer-r
grigsby-m;bailey-s
grigsby-m;bass-e
grigsby-m;baughman-d
grigsby-m;beck-s
beck-s;mckay-b
beck-s;mckay-j
beck-s;mclaughlin-e
beck-s;merriss-s
beck-s;meyers-a
beck-s;mims-thurston-p
beck-s;motley-m
beck-s;neal-s
beck-s;nemec-g
beck-s;panus-s
beck-s;parks-j
watson-k;parks-j
ybarbo-p;rapp-b
cuilla-m;kitchen-l
cuilla-m;kuykendall-t
cuilla-m;lavorato-j
cuilla-m;lay-k
